[
  {
    "product": "Strawberry Bliss Family Pack",
    "original": "base64",
    "saved": "public/ice-images/image_1_e3d77d048e10.jpeg"
  },
  {
    "product": "Mint Chocolate Chip",
    "original": "base64",
    "saved": "public/ice-images/image_2_127f220d7db4.jpeg"
  },
  {
    "product": "Sugar-Free Vanilla",
    "original": "base64",
    "saved": "public/ice-images/image_3_45cd289378b6.jpeg"
  },
  {
    "product": "Pistachio Paradise Premium",
    "original": "base64",
    "saved": "public/ice-images/image_4_966908a7ed8f.jpeg"
  },
  {
    "product": "Belgian Chocolate Brownie",
    "original": "base64",
    "saved": "public/ice-images/image_5_127f220d7db4.jpeg"
  },
  {
    "product": "Coconut Bliss",
    "original": "base64",
    "saved": "public/ice-images/image_6_c8ea0e4fd08b.jpeg"
  },
  {
    "product": "Butterscotch Delight",
    "original": "base64",
    "saved": "public/ice-images/image_7_6f5cb26b79e3.jpeg"
  },
  {
    "product": "Rose Rabri Premium",
    "original": "base64",
    "saved": "public/ice-images/image_8_358389476f50.jpeg"
  },
  {
    "product": "Pan Pasand Ice Cream",
    "original": "base64",
    "saved": "public/ice-images/image_9_201b03620170.jpeg"
  },
  {
    "product": "Butterscotch Ice Cream",
    "original": "base64",
    "saved": "public/ice-images/image_10_6f5cb26b79e3.jpeg"
  },
  {
    "product": "Strawberry Ice Cream",
    "original": "base64",
    "saved": "public/ice-images/image_11_7e8c2f16b69e.jpeg"
  },
  {
    "product": "Nutty Fruity Ice Cream",
    "original": "base64",
    "saved": "public/ice-images/image_12_c8ea0e4fd08b.jpeg"
  },
  {
    "product": "Vanilla ",
    "original": "base64",
    "saved": "public/ice-images/image_13_45cd289378b6.jpeg"
  }
]